pos,Player_Name,Game_Date,team,opp,salary,fppg,fpmax,fpmin,floor,ceil,average,sigma
"C","Andre Drummond","2015-11-14","DET","LAC","9700","47.23","70.4","33.4","34.37","60.08","47.225","12.855"
"C","Greg Monroe","2015-11-14","MIL","CLE","8200","37","52.8","19.9","28.6","45.4","37","8.4"
"C","Dwight Howard","2015-11-14","HOU","DAL","8400","36.12","50.9","20.4","25.11","47.12","36.115","11.005"
"C","Brook Lopez","2015-11-14","BKN","GSW","8000","34.19","44.7","26","27.4","40.98","34.19","6.79"
"C","Nikola Vucevic","2015-11-14","ORL","WAS","7700","32.9","45.4","13.4","22.37","43.43","32.9","10.53"
"C","DeAndre Jordan","2015-11-14","LAC","DET","7600","32.01","53.1","22.2","23.29","40.73","32.01","8.72"
"C","Jahlil Okafor","2015-11-14","PHI","SAS","6700","30.13","43.5","18.2","22.07","38.2","30.135","8.065"
"C","Tim Duncan","2015-11-14","SAS","PHI","6800","27.01","42","20.6","20.88","33.14","27.01","6.13"
"C","Zaza Pachulia","2015-11-14","DAL","HOU","5500","26.49","38.2","9.4","17.73","35.25","26.49","8.76"
"C","Marcin Gortat","2015-11-14","WAS","ORL","6000","22.74","34.1","14.5","17.15","28.34","22.745","5.595"
"C","Tyson Chandler","2015-11-14","PHO","DEN","5600","22.29","35.9","10.6","13.39","31.19","22.29","8.9"
"C","Festus Ezeli","2015-11-14","GSW","BKN","4100","20.66","30.4","10","14.36","26.96","20.66","6.3"
"C","Andrew Bogut","2015-11-14","GSW","BKN","5200","20.35","29.5","9.9","13.39","27.31","20.35","6.96"
"C","Clint Capela","2015-11-14","HOU","DAL","4600","19.02","36.4","8.2","10.84","27.2","19.02","8.18"
"C","Dewayne Dedmon","2015-11-14","ORL","WAS","4100","17.93","30.8","12.8","12.46","23.4","17.93","5.47"
"C","Timofey Mozgov","2015-11-14","CLE","MIL","4200","16.17","21.9","6.4","11.69","20.64","16.165","4.475"
"C","Johnny O'Bryant","2015-11-14","MIL","CLE","3700","13.46","28.3","3.6","6.48","20.43","13.455","6.975"
"C","Nikola Jokic","2015-11-14","DEN","PHO","3600","12.86","22","1","6.43","19.3","12.865","6.435"
"C","Alex Len","2015-11-14","PHO","DEN","3900","12.7","23.9","5.8","6.12","19.28","12.7","6.58"
"C","Aron Baynes","2015-11-14","DET","LAC","3500","8.97","12.7","3.2","5.73","12.21","8.97","3.24"
"C","Andrea Bargnani","2015-11-14","BKN","GSW","3500","8.39","28.4","-1","0.34","16.44","8.39","8.05"
"C","Sasha Kaun","2015-11-14","CLE","MIL","3500","5.7","5.7","5.7","5.7","5.7","5.7","0"
"C","Miles Plumlee","2015-11-14","MIL","CLE","3500","5.63","20.6","0.2","-0.97","12.22","5.625","6.595"
"C","DeJuan Blair","2015-11-14","WAS","ORL","3500","5.47","15.8","-0.8","-1.9","12.83","5.465","7.365"
"C","Anderson Varejao","2015-11-14","CLE","MIL","3500","5.4","12","-2","1.06","9.74","5.4","4.34"
"C","Boban Marjanovic","2015-11-14","SAS","PHI","3500","4.43","11.5","1","0.27","8.58","4.425","4.155"
"C","Cole Aldrich","2015-11-14","LAC","DET","3500","3.9","6.8","1","1","6.8","3.9","2.9"
"C","Salah Mejri","2015-11-14","DAL","HOU","3500","3.67","7.6","1.2","0.86","6.48","3.67","2.81"
"C","Matt Bonner","2015-11-14","SAS","PHI","3500","1.2","1.2","1.2","1.2","1.2","1.2","0"
"PF","Blake Griffin","2015-11-14","LAC","DET","9700","42.93","57.8","22.6","33.23","52.64","42.935","9.705"
"PF","Kevin Love","2015-11-14","CLE","MIL","8000","34.93","51.8","22.2","25.05","44.82","34.935","9.885"
"PF","Draymond Green","2015-11-14","GSW","BKN","8000","33.54","56.6","20.5","23.21","43.87","33.54","10.33"
"PF","Kenneth Faried","2015-11-14","DEN","PHO","7000","30.11","43.5","14.9","21.78","38.45","30.115","8.335"
"PF","Nerlens Noel","2015-11-14","PHI","SAS","7400","29.76","46.4","4.8","17.71","41.8","29.755","12.045"
"PF","Dirk Nowitzki","2015-11-14","DAL","HOU","6700","29.5","43.7","17.5","21.91","37.09","29.5","7.59"
"PF","LaMarcus Aldridge","2015-11-14","SAS","PHI","8000","29.5","50.3","20.5","20.89","38.11","29.5","8.61"
"PF","Thaddeus Young","2015-11-14","BKN","GSW","5700","26.29","36.6","16.4","20.08","32.5","26.29","6.21"
"PF","Dwight Powell","2015-11-14","DAL","HOU","4500","23.71","30.5","15.7","18.28","29.15","23.715","5.435"
"PF","Tristan Thompson","2015-11-14","CLE","MIL","5400","22.27","31.1","14.1","16.53","28","22.265","5.735"
"PF","Joffrey Lauvergne","2015-11-14","DEN","PHO","4000","21.93","24.9","19","19.52","24.34","21.93","2.41"
"PF","Markieff Morris","2015-11-14","PHO","DEN","5500","21.63","29.6","7.2","13.48","29.77","21.625","8.145"
"PF","Jerami Grant","2015-11-14","PHI","SAS","4400","21.43","31.5","10.9","15.66","27.2","21.43","5.77"
"PF","Terrence Jones","2015-11-14","HOU","DAL","5400","20.43","37.4","7.8","8.94","31.91","20.425","11.485"
"PF","J.J. Hickson","2015-11-14","DEN","PHO","4400","20.13","42.1","4.2","7.58","32.67","20.125","12.545"
"PF","Aaron Gordon","2015-11-14","ORL","WAS","3800","18.13","31.1","3.4","9.14","27.12","18.13","8.99"
"PF","Jon Leuer","2015-11-14","PHO","DEN","3700","15.66","28.9","7.3","7.82","23.51","15.665","7.845"
"PF","Nene Hilario","2015-11-14","WAS","ORL","4100","15.55","31.5","5.9","6.42","24.68","15.55","9.13"
"PF","Boris Diaw","2015-11-14","SAS","PHI","3900","15.2","27","6.7","9.56","20.84","15.2","5.64"
"PF","Kris Humphries","2015-11-14","WAS","ORL","4000","14.86","21.5","7.6","10.44","19.28","14.86","4.42"
"PF","Channing Frye","2015-11-14","ORL","WAS","3800","14.52","24","4.9","7.03","22.01","14.52","7.49"
"PF","Ersan Ilyasova","2015-11-14","DET","LAC","4300","14.3","27.9","6.9","7.97","20.63","14.3","6.33"
"PF","John Henson","2015-11-14","MIL","CLE","4000","14","36.5","5.6","2.6","25.4","14","11.4"
"PF","Josh Smith","2015-11-14","LAC","DET","3900","13.22","18.5","5.9","8.9","17.54","13.22","4.32"
"PF","Charlie Villanueva","2015-11-14","DAL","HOU","3700","12.99","29.8","6.4","6.14","19.84","12.99","6.85"
"PF","Drew Gooden","2015-11-14","WAS","ORL","3500","12.98","29.2","5.6","4.27","21.69","12.98","8.71"
"PF","Jabari Parker","2015-11-14","MIL","CLE","5600","12.13","23.1","7.7","5.76","18.49","12.125","6.365"
"PF","Darrell Arthur","2015-11-14","DEN","PHO","3500","12.07","17.8","7.1","9.02","15.11","12.065","3.045"
"PF","Thomas Robinson","2015-11-14","BKN","GSW","4000","11.9","22.4","2.9","5.99","17.81","11.9","5.91"
"PF","Christian Wood","2015-11-14","PHI","SAS","3500","11.87","30.6","2.4","1.74","21.99","11.865","10.125"
"PF","Marreese Speights","2015-11-14","GSW","BKN","3500","11.1","22.3","3","5.05","17.15","11.1","6.05"
"PF","David West","2015-11-14","SAS","PHI","4100","11.04","27.8","2.4","3.12","18.95","11.035","7.915"
"PF","Richaun Holmes","2015-11-14","PHI","SAS","3700","10.31","19.1","3","4.52","16.11","10.315","5.795"
"PF","Jason Smith","2015-11-14","ORL","WAS","3500","10.3","19.5","3.6","4.65","15.95","10.3","5.65"
"PF","Anthony Tolliver","2015-11-14","DET","LAC","3600","10.17","19.8","0.2","3.15","17.19","10.17","7.02"
"PF","Montrezl Harrell","2015-11-14","HOU","DAL","3500","8.96","22.6","1.2","1.64","16.27","8.955","7.315"
"PF","Mirza Teletovic","2015-11-14","PHO","DEN","3500","7.67","13.7","2","3.29","12.04","7.665","4.375"
"PF","Jeremy Evans","2015-11-14","DAL","HOU","3500","6.83","18.2","0.2","0.93","12.74","6.835","5.905"
"PF","James Michael McAdoo","2015-11-14","GSW","BKN","3500","6.25","18.9","1.5","0.02","12.48","6.25","6.23"
"PF","Jason Thompson","2015-11-14","GSW","BKN","4000","6.24","14.8","1.2","1.36","11.12","6.24","4.88"
"PF","Andrew Nicholson","2015-11-14","ORL","WAS","3500","1.1","2","0.2","0.2","2","1.1","0.9"
"PG","Stephen Curry","2015-11-14","GSW","BKN","11000","50.86","77.3","33.7","38.18","63.54","50.86","12.68"
"PG","John Wall","2015-11-14","WAS","ORL","9200","38.2","49.4","22.9","30.02","46.38","38.2","8.18"
"PG","Reggie Jackson","2015-11-14","DET","LAC","8000","33.73","55.5","23.3","23.53","43.92","33.725","10.195"
"PG","Brandon Knight","2015-11-14","PHO","DEN","7000","32.24","44.5","14.3","22.73","41.75","32.24","9.51"
"PG","Chris Paul","2015-11-14","LAC","DET","8900","31.71","45.1","22.1","22.67","40.75","31.71","9.04"
"PG","Michael Carter-Williams","2015-11-14","MIL","CLE","7000","30.03","39.7","23.9","24.16","35.89","30.025","5.865"
"PG","Mo Williams","2015-11-14","CLE","MIL","6100","28.12","44.2","11.5","18.55","37.69","28.12","9.57"
"PG","Jarrett Jack","2015-11-14","BKN","GSW","6100","27.84","44.4","15.2","17.88","37.8","27.84","9.96"
"PG","Emmanuel Mudiay","2015-11-14","DEN","PHO","6000","26.32","37.1","16.3","19.62","33.02","26.32","6.7"
"PG","Deron Williams","2015-11-14","DAL","HOU","6400","24.28","28","13.5","19.78","28.77","24.275","4.495"
"PG","Elfrid Payton","2015-11-14","ORL","WAS","6500","23.83","35.9","3.4","13.91","33.75","23.83","9.92"
"PG","T.J. McConnell","2015-11-14","PHI","SAS","5000","23.63","34.8","11.4","14.88","32.39","23.635","8.755"
"PG","Ty Lawson","2015-11-14","HOU","DAL","6500","23.07","40.5","13.5","15.2","30.93","23.065","7.865"
"PG","Jerryd Bayless","2015-11-14","MIL","CLE","4300","21.41","41.2","5.2","10.83","31.99","21.41","10.58"
"PG","Matthew Dellavedova","2015-11-14","CLE","MIL","4300","19.82","28.5","13.7","14.49","25.15","19.82","5.33"
"PG","Jameer Nelson","2015-11-14","DEN","PHO","4500","18.33","24.7","11.2","13.76","22.9","18.33","4.57"
"PG","Tony Parker","2015-11-14","SAS","PHI","4800","17.73","24.4","9.3","13.27","22.18","17.725","4.455"
"PG","Isaiah Canaan","2015-11-14","PHI","SAS","4700","17.54","35.1","8.7","8.83","26.26","17.545","8.715"
"PG","Ramon Sessions","2015-11-14","WAS","ORL","4100","16.97","26.9","10.9","11.09","22.85","16.97","5.88"
"PG","Greivis Vasquez","2015-11-14","MIL","CLE","4200","16.96","30.9","3.2","7.94","25.97","16.955","9.015"
"PG","Patty Mills","2015-11-14","SAS","PHI","3700","15.73","29.2","4.7","7.57","23.88","15.725","8.155"
"PG","J.J. Barea","2015-11-14","DAL","HOU","4100","15.43","24.7","-0.8","8.21","22.65","15.43","7.22"
"PG","Shane Larkin","2015-11-14","BKN","GSW","4100","14.17","26.6","1.7","6.23","22.11","14.17","7.94"
"PG","Raymond Felton","2015-11-14","DAL","HOU","3500","13.86","31.8","5.4","6.24","21.47","13.855","7.615"
"PG","Austin Rivers","2015-11-14","LAC","DET","3800","13.71","30.7","-2","5.46","21.96","13.71","8.25"
"PG","C.J. Watson","2015-11-14","ORL","WAS","3600","13.28","22.5","4.5","7.28","19.27","13.275","5.995"
"PG","Shaun Livingston","2015-11-14","GSW","BKN","3500","10.88","15.8","5.2","8.15","13.61","10.88","2.73"
"PG","Patrick Beverley","2015-11-14","HOU","DAL","3500","10.49","20.1","0.5","4.98","15.99","10.485","5.505"
"PG","Steve Blake","2015-11-14","DET","LAC","3500","9.45","16.3","0.5","4.87","14.03","9.45","4.58"
"PG","Shabazz Napier","2015-11-14","ORL","WAS","3700","9.44","26.5","2.4","1.19","17.7","9.445","8.255"
"PG","Pablo Prigioni","2015-11-14","LAC","DET","3600","8.67","19.3","1.7","1.03","16.31","8.67","7.64"
"PG","Tyler Ennis","2015-11-14","MIL","CLE","3500","8.58","12.7","4.9","5.19","11.97","8.58","3.39"
"PG","Ronnie Price","2015-11-14","PHO","DEN","3500","8.34","15.4","-2","1.84","14.83","8.335","6.495"
"PG","Archie Goodwin","2015-11-14","PHO","DEN","3500","6.06","18.5","1","-0.46","12.58","6.06","6.52"
"PG","Jason Terry","2015-11-14","HOU","DAL","3500","5.63","8.9","2.2","3.21","8.06","5.635","2.425"
"PG","Garrett Temple","2015-11-14","WAS","ORL","3500","5.58","14.6","1","0.12","11.03","5.575","5.455"
"PG","Donald Sloan","2015-11-14","BKN","GSW","3500","3.7","6.4","1","1","6.4","3.7","2.7"
"PG","Ray McCallum","2015-11-14","SAS","PHI","3500","2.23","5","0.5","0.26","4.21","2.235","1.975"
"PG","Spencer Dinwiddie","2015-11-14","DET","LAC","3500","1.2","1.2","1.2","1.2","1.2","1.2","0"
"SF","LeBron James","2015-11-14","CLE","MIL","10200","45.41","58.3","30.9","37","53.82","45.41","8.41"
"SF","Kawhi Leonard","2015-11-14","SAS","PHI","8400","37.56","48.6","31.5","31.48","43.64","37.56","6.08"
"SF","Marcus Morris","2015-11-14","DET","LAC","6100","29.95","38.3","20.7","23.71","36.19","29.95","6.24"
"SF","Tobias Harris","2015-11-14","ORL","WAS","6500","29.01","45.1","19","20.38","37.64","29.01","8.63"
"SF","Danilo Gallinari","2015-11-14","DEN","PHO","6500","28.49","45.1","12.9","18.3","38.68","28.49","10.19"
"SF","Harrison Barnes","2015-11-14","GSW","BKN","5300","24.55","34.3","14.4","18.6","30.5","24.55","5.95"
"SF","Otto Porter","2015-11-14","WAS","ORL","5500","23.99","31.3","15.7","18.38","29.59","23.985","5.605"
"SF","Khris Middleton","2015-11-14","MIL","CLE","5700","23.6","36.3","8.4","14.73","32.47","23.6","8.87"
"SF","Trevor Ariza","2015-11-14","HOU","DAL","5700","23.5","33.4","14.9","17.45","29.55","23.5","6.05"
"SF","Andre Iguodala","2015-11-14","GSW","BKN","4700","22.18","34.2","13.5","16.74","27.62","22.18","5.44"
"SF","Bojan Bogdanovic","2015-11-14","BKN","GSW","4200","17.2","36.3","7.2","8.56","25.84","17.2","8.64"
"SF","Hollis Thompson","2015-11-14","PHI","SAS","3800","16.38","26.2","7.6","10.18","22.58","16.38","6.2"
"SF","T.J. Warren","2015-11-14","PHO","DEN","3800","16.03","24.7","1.2","8.95","23.1","16.025","7.075"
"SF","Rondae Hollis-Jefferson","2015-11-14","BKN","GSW","3500","14.73","23.9","5.1","8.29","21.16","14.725","6.435"
"SF","Stanley Johnson","2015-11-14","DET","LAC","4000","14.45","28.4","2","6.8","22.1","14.45","7.65"
"SF","Paul Pierce","2015-11-14","LAC","DET","3700","14.09","24.1","2.9","6.84","21.34","14.09","7.25"
"SF","P.J. Tucker","2015-11-14","PHO","DEN","4100","13.23","21","3.2","7.92","18.53","13.225","5.305"
"SF","Corey Brewer","2015-11-14","HOU","DAL","3700","13.14","23.9","3","5.54","20.75","13.145","7.605"
"SF","Kelly Oubre","2015-11-14","WAS","ORL","3500","12.5","13.6","11.4","11.4","13.6","12.5","1.1"
"SF","Richard Jefferson","2015-11-14","CLE","MIL","3500","11.73","19.2","3.2","6.37","17.09","11.73","5.36"
"SF","Jared Dudley","2015-11-14","WAS","ORL","3500","11.15","19.2","6.1","5.8","16.5","11.15","5.35"
"SF","Robert Covington","2015-11-14","PHI","SAS","5800","10.4","10.4","10.4","10.4","10.4","10.4","0"
"SF","JaKarr Sampson","2015-11-14","PHI","SAS","3600","10.09","18.2","1","4.07","16.11","10.09","6.02"
"SF","Rasual Butler","2015-11-14","SAS","PHI","3500","10.08","17.4","2.2","4.27","15.9","10.085","5.815"
"SF","Wesley Johnson","2015-11-14","LAC","DET","3600","10.03","18.6","1.2","4.41","15.64","10.025","5.615"
"SF","Chandler Parsons","2015-11-14","DAL","HOU","5400","9.82","12.6","5.2","7.17","12.46","9.815","2.645"
"SF","Chris Copeland","2015-11-14","MIL","CLE","3500","8.84","11.4","3.9","6.1","11.58","8.84","2.74"
"SF","Justin Anderson","2015-11-14","DAL","HOU","3500","7.34","15.7","1.2","1.23","13.46","7.345","6.115"
"SF","Kyle Anderson","2015-11-14","SAS","PHI","3500","6.62","11.4","2.7","4.01","9.22","6.615","2.605"
"SF","Mario Hezonja","2015-11-14","ORL","WAS","3500","6.54","13.6","-1","1.66","11.42","6.54","4.88"
"SF","Luc Richard Mbah a Moute","2015-11-14","LAC","DET","3500","6.03","13.4","1.5","0.78","11.29","6.035","5.255"
"SF","Damien Inglis","2015-11-14","MIL","CLE","3500","5.4","10.3","1.2","1.85","8.95","5.4","3.55"
"SF","K.J. McDaniels","2015-11-14","HOU","DAL","3500","5.2","5.2","5.2","5.2","5.2","5.2","0"
"SF","Mike Miller","2015-11-14","DEN","PHO","3500","5.18","11.4","1.4","1.05","9.3","5.175","4.125"
"SF","Kostas Papanikolaou","2015-11-14","DEN","PHO","3500","4.78","12.1","0.2","0.08","9.47","4.775","4.695"
"SF","James Jones","2015-11-14","CLE","MIL","3500","4.48","13.2","-1","0.02","8.93","4.475","4.455"
"SF","Sonny Weems","2015-11-14","PHO","DEN","3500","3.87","8.1","1.4","1.26","6.48","3.87","2.61"
"SF","Sam Dekker","2015-11-14","HOU","DAL","3500","3.2","3.2","3.2","3.2","3.2","3.2","0"
"SF","Sergey Karasev","2015-11-14","BKN","GSW","3500","2.1","3.2","1","1","3.2","2.1","1.1"
"SF","Reggie Bullock","2015-11-14","DET","LAC","3500","0.7","2.4","-1","-1","2.4","0.7","1.7"
"SG","James Harden","2015-11-14","HOU","DAL","10000","45.57","66.7","31.9","35.11","56.02","45.565","10.455"
"SG","Eric Bledsoe","2015-11-14","PHO","DEN","8500","39.08","55.6","21.8","28.94","49.21","39.075","10.135"
"SG","Victor Oladipo","2015-11-14","ORL","WAS","7900","31.77","54.6","6.9","19.83","43.7","31.765","11.935"
"SG","Bradley Beal","2015-11-14","WAS","ORL","7300","31.38","42","19.2","24.43","38.34","31.385","6.955"
"SG","Giannis Antetokounmpo","2015-11-14","MIL","CLE","7000","30.6","40.8","19.6","23.65","37.55","30.6","6.95"
"SG","Evan Fournier","2015-11-14","ORL","WAS","5600","28.32","44","12.3","17.91","38.73","28.32","10.41"
"SG","Marcus Thornton","2015-11-14","HOU","DAL","4800","27.21","45.1","12.3","18.11","36.32","27.215","9.105"
"SG","Klay Thompson","2015-11-14","GSW","BKN","6500","24.64","33.5","13.4","18.19","31.09","24.64","6.45"
"SG","Joe Johnson","2015-11-14","BKN","GSW","6400","24.39","39.4","6.9","15.58","33.2","24.39","8.81"
"SG","Will Barton","2015-11-14","DEN","PHO","4700","23.27","39.1","8.9","14.3","32.23","23.265","8.965"
"SG","Kentavious Caldwell-Pope","2015-11-14","DET","LAC","5100","23.01","27.8","15.2","18.4","27.63","23.015","4.615"
"SG","Manu Ginobili","2015-11-14","SAS","PHI","4800","22.15","30.1","9.5","16.11","28.19","22.15","6.04"
"SG","Nik Stauskas","2015-11-14","PHI","SAS","4300","21.13","31.1","12.7","16.06","26.19","21.125","5.065"
"SG","J.J. Redick","2015-11-14","LAC","DET","4600","18.49","28","12","13.5","23.47","18.485","4.985"
"SG","Danny Green","2015-11-14","SAS","PHI","4200","17.35","23.6","12.5","13.53","21.17","17.35","3.82"
"SG","Devin Harris","2015-11-14","DAL","HOU","4000","16.8","22.7","1.7","10.52","23.08","16.8","6.28"
"SG","John Jenkins","2015-11-14","DAL","HOU","3600","16.3","26.7","5.9","5.9","26.7","16.3","10.4"
"SG","Wesley Matthews","2015-11-14","DAL","HOU","5200","16","37.7","0.7","6.44","25.56","16","9.56"
"SG","Gary Harris","2015-11-14","DEN","PHO","3800","15.58","25.5","7.7","9.06","22.1","15.58","6.52"
"SG","Jamal Crawford","2015-11-14","LAC","DET","4400","15.43","23.2","7","10.52","20.35","15.435","4.915"
"SG","Lance Stephenson","2015-11-14","LAC","DET","3600","13.06","22","4.1","7.54","18.57","13.055","5.515"
"SG","J.R. Smith","2015-11-14","CLE","MIL","5200","12.58","28.9","-2","2.48","22.69","12.585","10.105"
"SG","Leandro Barbosa","2015-11-14","GSW","BKN","3600","11.69","18.5","8","8.31","15.06","11.685","3.375"
"SG","Gary Neal","2015-11-14","WAS","ORL","3500","10.84","18.4","1.2","4.76","16.92","10.84","6.08"
"SG","Randy Foye","2015-11-14","DEN","PHO","3500","9.92","18.7","-1","3.74","16.1","9.92","6.18"
"SG","Brandon Rush","2015-11-14","GSW","BKN","3500","9.3","13.3","4.4","5.61","12.99","9.3","3.69"
"SG","Wayne Ellington","2015-11-14","BKN","GSW","3500","8.74","20.8","2.7","3.2","14.27","8.735","5.535"
"SG","Markel Brown","2015-11-14","BKN","GSW","3500","8.06","14.4","3","3.76","12.36","8.06","4.3"
"SG","Ian Clark","2015-11-14","GSW","BKN","3500","7.54","20.1","-0.8","0.57","14.51","7.54","6.97"
"SG","Jared Cunningham","2015-11-14","CLE","MIL","3500","6.47","15.7","1","1.9","11.04","6.47","4.57"
"SG","Devin Booker","2015-11-14","PHO","DEN","3500","5.92","19.6","-1","-1.54","13.38","5.92","7.46"
"SG","Rashad Vaughn","2015-11-14","MIL","CLE","3500","4.36","13.4","-1","-0.63","9.35","4.36","4.99"
"SG","Jodie Meeks","2015-11-14","DET","LAC","3600","3.4","3.4","3.4","3.4","3.4","3.4","0"
"SG","Devyn Marble","2015-11-14","ORL","WAS","3500","3.2","3.2","3.2","3.2","3.2","3.2","0"
"SG","Joe Harris","2015-11-14","CLE","MIL","3500","2.4","3.9","1.2","1.3","3.5","2.4","1.1"
